﻿{"cameraMode":{"drawMode":0,"name":"Shaded","section":"Shading Mode"},"sceneLighting":false,"audioPlay":false,"sceneViewState":{"m_AlwaysRefresh":false,"showFog":true,"showSkybox":false,"showFlares":true,"showImageEffects":true,"showParticleSystems":true,"showVisualEffectGraphs":true,"m_FxEnabled":true},"in2DMode":false,"pivot":{"x":15.0,"y":1.0,"z":-20.0},"rotation":{"x":-0.19111396372318269,"y":-0.011192316189408303,"z":0.0021793325431644918,"w":-0.9815015196800232},"size":0.8660253882408142,"orthographic":false}