﻿{"cameraMode":{"drawMode":0,"name":"Shaded","section":"Shading Mode"},"sceneLighting":false,"audioPlay":false,"sceneViewState":{"m_AlwaysRefresh":false,"showFog":true,"showSkybox":false,"showFlares":true,"showImageEffects":true,"showParticleSystems":true,"showVisualEffectGraphs":true,"m_FxEnabled":true},"in2DMode":false,"pivot":{"x":0.0,"y":-20.360702514648439,"z":0.5},"rotation":{"x":-0.19111396372318269,"y":-0.011192316189408303,"z":0.0021793325431644918,"w":-0.9815015196800232},"size":10000.021484375,"orthographic":false}