﻿{"cameraMode":{"drawMode":0,"name":"Shaded","section":"Shading Mode"},"sceneLighting":true,"audioPlay":false,"sceneViewState":{"m_AlwaysRefresh":false,"showFog":true,"showSkybox":true,"showFlares":true,"showImageEffects":true,"showParticleSystems":true,"showVisualEffectGraphs":true,"m_FxEnabled":true},"in2DMode":false,"pivot":{"x":-753.2184448242188,"y":-1722.9090576171875,"z":-2388.80517578125},"rotation":{"x":-0.19111396372318269,"y":-0.011192316189408303,"z":0.0021793325431644918,"w":-0.9815015196800232},"size":5538.6884765625,"orthographic":false}